Artikelnummer;Lagerbestand Lager [Im Hasseldamm];Lagerbestand Lager [Reklamation]
336;0;0
336-001;8;0
336-002;8;0
336-003;5;0
336-004;0;0
336-005;0;0
336-006;4;0
336-007;3;0
373;12;0
21-5815-001;16;0
21-5816-001;10;0
401;8;0
402;10;0
404;17;0
405;12;0
406;14;0
407;17;0
558;6;0
559;9;0
560;16;0
561;20;0
564;8;0
565;19;0
566;7;0
567;12;0
568;12;0
569;17;0
707;9;0
708;19;0
710;10;0
711;9;0
712;13;0
830;10;0
902;29;0
903;42;0
906;10;0
1030;17;0
1031;6;0
1139;0;0
21-5815-002;10;0
1498;10;0
1499;7;0
1554;5;0
1688;0;0
1688-002;3;0
1688-003;14;0
1700;0;0
1704;0;0
1704-002;30;0
1704-003;31;0
1711;0;0
1711-002;96;0
1711-003;195;0
1712;0;0
1712-001;284;0
1712-002;142;0
1712-003;71;0
1740;440;0
1741;135;0
1743;0;0
1743-001;24;0
1743-002;0;0
1760;19;0
1761;16;0
1762;10;0
1763;13;0
1765;19;0
1767;11;0
1768;8;0
1769;8;0
21-5816-002;10;0
21-5815-003;5;0
1785;0;0
1785-002;15;0
1785-003;19;0
1800;0;0
1800-001;18;0
1800-002;29;0
1800-003;92;0
1801;0;0
1801-002;12;0
1801-003;7;0
1802;0;0
1802-001;187;0
1802-002;93;0
1802-003;46;0
1803;0;0
1803-002;11;0
1803-003;22;0
1804;0;0
1804-002;6;0
1804-003;59;0
1807;0;0
1821;0;0
1821-001;50;0
1824;0;0
1846;0;0
1846-001;15;0
1846-002;5;0
1846-003;4;0
1847;0;0
1847-001;32;0
1847-002;4;0
1847-003;65;0
1848;0;0
1848-002;6;0
1848-003;15;0
1849;0;0
1849-001;12;0
1849-002;0;0
1850;0;0
1850-002;39;0
1850-003;25;0
1851;0;0
1851-001;10;0
1851-002;22;0
1851-003;283;0
1852;0;0
1852-002;12;0
1852-003;3;0
1853;0;0
1853-002;44;0
1853-003;70;0
1860;0;0
1860-002;2;0
1860-003;26;0
1875;0;0
1875-001;14;0
1875-002;17;0
1875-003;16;0
1876;0;0
1876-001;0;0
1876-002;22;0
1876-003;84;0
1884;0;0
1888;0;0
1888-001;26;0
1888-003;40;0
1894;0;0
1894-001;151;0
1894-002;75;0
1894-003;37;0
21-5816-003;10;0
1932;0;0
1932-001;4;0
1932-002;1;0
2005;0;0
2033;0;0
2033-001;11;0
2033-002;25;0
2033-003;12;0
2039;32;0
2093;0;0
2093-002;16;0
2093-003;34;0
2094;0;0
2094-002;34;0
2094-003;39;0
2095;0;0
2095-002;17;0
2095-003;17;0
2096;0;0
2096-001;15;0
2096-002;33;0
2096-003;17;0
2098;0;0
2098-001;8;1
2098-002;1;0
2099;0;0
2099-002;15;0
2099-003;31;0
2100;0;0
2100-001;25;0
2100-002;11;0
2100-003;26;0
2101;0;0
2101-002;62;0
2101-003;2;0
2105;0;0
2105-002;18;0
2105-003;8;0
2106;0;0
2106-002;11;0
2106-003;13;0
2107;0;0
2107-001;0;0
2107-002;3;0
2107-003;8;0
2236;0;0
2236-001;1;0
2236-002;0;0
2236-003;1;0
2237;0;0
2237-001;4;0
2237-002;5;0
2237-003;5;0
2238;0;0
2238-001;75;0
2238-002;14;0
2248;0;0
2248-002;18;0
2248-003;43;0
2255;101;0
2272;12;0
2304;0;0
2304-001;10;0
2304-002;10;0
2304-003;7;0
2304-004;6;0
2304-005;1;0
2304-006;2;0
2310;16;0
2312;0;0
2312-001;14;0
2312-002;20;0
2312-003;21;0
2313;0;0
2313-002;21;0
2313-003;15;0
2314;0;0
2315;0;0
2316;0;0
2316-001;7;0
2316-002;9;0
2316-003;6;0
2316-004;4;0
2316-005;30;0
2316-006;3;0
2318;0;0
2318-001;1;0
2318-002;2;0
2318-003;2;0
2319;0;0
2319-001;10;0
2319-002;17;0
2362;12;0
2363;4;0
2364;3;0
2366;31;0
1700-005;39;0
1700-006;47;0
2455;0;0
2455-001;11;0
2455-002;16;0
2455-003;8;0
2315-001;38;0
2315-003;15;0
2456;0;0
2456-002;14;0
2456-003;29;0
2457;0;0
2457-002;14;0
2457-003;13;0
2461;0;0
2461-003;7;0
2474;0;0
2474-002;18;0
2474-003;14;0
2486;0;0
2486-001;5;0
2486-002;7;0
2486-003;6;0
2486-004;5;0
2486-005;2;0
2486-006;4;0
2573;0;0
2573-001;79;0
2578;0;0
2578-002;6;0
2578-003;12;0
2617;7;0
2618;53;0
2619;35;0
2624;18;0
2625;9;0
1785-004;11;0
2757;18;0
2786;0;0
2786-001;30;0
2786-002;14;0
2786-003;26;0
2318-004;2;0
2853;0;0
2853-001;270;0
2856;20;140
2857;0;0
2859;0;0
2859-001;1189;0
2859-002;479;0
2861;706;0
2862;0;0
2862-002;0;0
2238-003;258;0
2237-004;7;0
2995;0;0
2995-002;5;0
2995-003;30;0
3098;6;0
2238-004;14;0
21-3305;0;0
21-3307;0;0
21-3307-001;1330;0
21-3307-002;240;0
21-3309;13;0
21-3310;23;0
21-3321;0;0
21-3321-001;7;0
21-3321-002;17;0
21-3335;23;0
21-3336;16;0
21-3337;44;0
21-3371;0;0
21-3371-001;17;0
21-3371-002;18;0
21-3371-003;17;0
21-3373;0;0
21-3373-002;11;0
21-3373-003;16;0
21-3374;0;0
21-3374-001;7;0
21-3374-002;16;0
21-3374-003;12;0
21-3375;0;0
21-3375-001;21;0
21-3375-002;21;0
21-3375-003;17;0
21-3378;0;0
21-3378-001;14;0
21-3378-002;8;0
21-3378-003;18;0
21-3379;0;0
21-3410;23;0
21-3411;22;0
21-3440;0;0
21-3440-001;180;0
21-3440-002;90;0
21-3440-003;45;0
21-3442;0;0
21-3442-002;13;0
21-3442-003;10;0
21-3461;43;0
21-3462;7;0
21-3463;0;0
21-3463-001;0;0
21-3463-002;0;0
21-3463-003;2;0
21-3469;0;0
21-3469-001;114;0
21-3469-002;57;0
21-3469-003;28;0
21-3584;11;0
21-3585;0;0
21-3585-002;0;58
21-3585-003;0;32
21-3586;0;0
21-3587;0;0
21-3588;0;0
21-3589;0;0
21-3589-002;13;0
21-3589-003;28;0
21-3590;156;0
21-3650;0;0
21-3650-001;0;0
21-3725;0;0
21-3725-001;10;0
21-3725-002;12;0
21-3799;0;0
21-3799-001;5;0
21-3799-002;22;0
21-3802;0;0
21-3804;13;0
21-3807;1;0
21-3809;7;0
21-3825;180;0
21-3860;0;0
21-3860-006;0;0
21-3861;0;0
21-3861-001;0;0
21-3861-003;0;0
21-3863;1;0
21-3867;0;0
21-3867-001;0;0
21-3867-002;0;0
21-3867-003;42;0
21-3900;0;0
21-3900-001;741;0
21-3900-002;207;0
21-3905;17;0
21-3906;18;0
21-3907;29;0
21-3908;10;0
21-3910;7;0
21-3911;15;0
21-3912;29;0
21-3913;0;0
21-3913-001;13;0
21-3913-002;15;0
21-3913-003;10;0
21-3914;0;0
21-3914-001;0;0
21-3914-002;0;0
21-3914-003;0;0
21-3923;0;0
21-3923-002;43;0
21-3923-003;110;0
21-3930;20;0
21-3931;4;0
21-3935;9;0
21-3960;10;0
21-3982;0;0
21-4004;16;0
21-4009;0;0
21-4012;6;0
21-4013;0;0
21-4027;118;0
21-4028;0;0
21-4028-002;10;0
21-4028-003;0;0
21-4032;31;0
21-4033;25;0
21-4049;50;0
21-4051;0;0
21-4054;0;0
21-4054-001;6;0
21-4054-002;2;0
21-4054-003;4;0
21-3586-002;8;0
21-3586-003;13;0
21-4061;0;0
21-4061-001;30;0
21-4061-002;80;0
21-4063;0;0
21-4063-001;10;0
21-4064;0;0
21-4064-001;12;0
21-4064-002;10;0
21-4064-003;5;0
21-4065;0;0
21-4065-001;15;0
21-4065-002;18;0
21-4065-003;9;0
21-4078;0;0
21-4086;0;0
21-4086-001;0;0
21-4086-002;4;0
21-4086-003;0;0
2005-004;13;0
21-4087;0;0
21-4087-001;5;0
21-4087-002;23;0
21-4087-003;2;0
21-4096;0;0
21-4096-002;36;0
21-4096-003;69;0
1821-005;28;0
1821-006;28;0
21-4013-004;13;0
21-4013-005;4;0
21-4013-006;10;0
21-3379-001;0;0
21-3379-002;0;0
21-3379-003;0;0
21-4063-003;6;0
21-4097;0;0
21-4097-001;21;0
21-4097-002;14;0
21-4098;0;0
1804-004;29;0
1804-005;19;0
21-4098-001;105;0
21-4098-002;52;0
21-4098-004;21;0
1824-004;65;0
2315-004;26;0
1884-004;198;0
21-3379-004;0;0
21-4100;0;0
21-4100-001;11;0
21-4100-002;26;0
21-4101;0;0
21-4101-001;5;0
21-4101-002;13;0
21-4102;0;0
21-4102-001;39;0
21-4102-002;53;0
21-4102-003;26;0
21-3586-004;3;0
1884-005;103;0
2314-004;30;0
2314-005;139;0
2005-006;23;0
2005-007;14;0
21-4130;0;0
21-4130-001;281;0
21-4130-002;140;0
21-4130-003;70;0
2238-005;38;0
21-4153;0;0
21-4153-001;24;0
21-4153-002;14;0
21-4153-003;13;0
21-4153-004;36;0
21-4154;0;0
21-4154-001;41;0
21-4154-002;47;0
21-4154-003;17;0
1824-005;42;0
21-4155;0;0
21-4155-001;0;0
21-4155-002;0;0
21-4156;0;0
21-4156-001;25;0
21-4156-002;15;0
21-4157;0;0
21-4157-001;15;0
21-4157-002;17;0
21-4164;0;0
21-4164-001;7;0
21-3587-002;0;0
21-3587-003;9;0
21-4181;7;0
2573-002;39,5;0
2573-003;15,8;0
21-4212;0;0
21-4212-001;44;0
21-4212-002;15;0
21-4212-003;30;0
21-4212-004;72;0
21-4218;15;0
21-4220;0;0
21-4221;0;0
21-4220-001;0;0
21-4220-002;0;0
21-4220-003;0;0
21-4229;0;0
21-4229-001;10;0
21-4013-007;17;0
21-4242;0;0
21-4242-001;26;0
21-4242-002;63;0
21-4243;0;0
21-4243-001;23;0
21-4243-002;14;0
21-4244;0;0
21-4244-001;39;0
21-4244-002;19;0
21-4245;0;0
21-4246;0;0
21-4246-001;0;0
21-4246-002;6;0
21-4246-003;26;0
21-4245-001;15;0
21-4245-002;11;0
21-4247;0;0
21-4247-001;15;0
21-4247-002;26;0
21-4248;0;0
21-4248-001;24;0
21-4248-002;15;0
21-4249;0;0
21-4249-001;22;0
21-4249-002;0;0
21-4252;0;0
21-4252-001;10;0
21-4252-002;3;0
21-4268;0;0
21-4268-001;6;0
21-4270;0;0
21-4270-001;52;0
21-4270-002;0;0
21-4271;0;0
21-4271-001;0;0
21-4271-002;0;0
21-4286;0;0
21-4286-001;23;0
21-4286-002;26;0
21-4287;0;0
21-4287-001;53;0
21-4287-002;145;0
21-4289;0;0
21-4289-001;55;0
21-4289-002;81;0
21-4290;0;0
21-4290-001;42;0
21-4290-002;117;0
21-3305-005;29;0
2862-003;309;0
2862-004;154;0
2857-003;235;0
21-4292;0;0
21-4292-001;634;0
21-4292-002;193;0
21-4221-001;2;0
21-4221-002;1;0
21-4294;0;0
21-4294-001;2;0
21-4296;0;0
21-4296-001;2;0
21-4299;0;0
21-4299-001;31;0
21-4300;0;0
21-4300-001;7;0
21-4301;0;0
21-4301-001;10;0
21-4302;0;0
21-4302-001;10;0
21-4303;0;0
21-4303-001;12;0
21-5993-001;0;0
21-5993-002;34;0
21-4308;0;0
21-4308-001;0;0
21-4314;0;0
21-4314-001;9;0
21-4314-002;30;0
21-4314-003;34;0
21-4315;0;0
21-4315-001;17;0
21-4315-002;15;0
21-4316;0;0
21-4316-001;34;0
21-4316-002;11;0
21-4330;0;0
21-4330-001;19;0
21-4330-002;16;0
21-4331;0;0
21-4331-001;0;0
21-4331-002;0;0
21-4332;0;0
21-4332-001;18;0
21-4332-002;10;0
21-4333;0;0
21-4333-001;25;0
21-4333-002;26;0
21-4334;0;0
21-4334-001;18;0
21-4334-002;13;0
21-4335;0;0
21-4335-001;20;0
21-4335-002;15;0
21-4336;0;0
21-4336-001;21;0
21-4336-002;13;0
21-4337;0;0
21-4337-001;25;0
21-4337-002;10;0
21-4338;0;0
21-4338-001;27;0
21-4338-002;28;0
21-4339;0;0
21-4339-001;32;0
21-4339-002;19;0
21-4340;0;0
21-4340-001;25;0
21-4340-002;14;0
21-4341;0;0
21-4341-001;17;0
21-4341-002;31;0
21-4342;0;0
21-4342-001;39;0
21-4342-002;47;0
21-4343;0;0
21-4343-001;26;0
21-4343-002;34;0
21-4344;0;0
21-4344-001;12;0
21-4344-002;40;0
21-4345;0;0
21-4345-001;46;0
21-4345-002;19;0
21-4351;0;0
21-4351-001;5;0
21-4351-002;16;0
21-4352;0;0
21-4352-001;13;0
21-4352-002;31;0
21-4353;0;0
21-4246-004;28;0
21-4353-001;3;0
21-4353-002;5;12
21-4357;0;0
21-4357-001;20;0
21-4357-002;9;0
21-4358;0;0
21-4358-001;29;0
21-4358-002;14;0
1807-004;12;0
21-4363;0;0
21-4363-001;3;0
21-4363-002;11;0
21-4364;0;0
21-4364-001;19;0
21-4364-002;9;0
21-4368;0;0
21-4368-001;19;0
21-4368-002;3;0
21-4370;0;0
21-4370-001;21;0
21-4370-002;7;0
21-4371;0;0
21-4371-001;9;0
21-4371-002;26;0
21-4372;0;0
21-4372-001;48;0
21-4372-002;77;0
21-4373;0;0
21-4373-001;13;0
21-4373-002;19;0
21-4374;0;0
21-4374-001;29;0
21-4374-002;22;0
21-4375;0;0
21-4375-001;8;0
21-4375-002;21;0
21-4376;0;0
21-4378;0;0
21-4378-001;16;0
21-4378-002;11;0
21-4379;0;0
21-4379-001;15;0
21-4379-002;15;0
21-4380;0;0
21-4380-001;11;0
21-4380-002;10;0
21-4381;0;0
21-4381-001;20;0
21-4381-002;20;0
21-4382;0;0
21-4382-001;15;0
21-4382-002;8;0
21-4383;0;0
21-4383-001;8;0
21-4383-002;11;0
21-4384;0;0
21-4384-001;6;0
21-4384-002;2;0
21-4385;0;0
21-4385-001;22;0
21-4385-002;19;0
21-4376-002;0;0
21-4388;0;0
21-4388-001;3;0
21-4389;0;0
21-4389-001;0;0
21-4390;14;0
21-4396;0;0
21-4396-001;23;0
21-4396-002;249;0
21-4396-003;0;0
21-4396-004;61;0
21-4397;0;0
21-4397-001;221;0
21-4397-002;110;0
21-4397-003;55;0
21-4443;0;0
21-4443-001;29;0
21-4443-002;29;0
21-4448;0;0
21-4448-001;29;0
21-4448-002;8;0
21-4449;0;0
21-4449-001;3;0
21-4449-002;14;0
21-4450;0;0
21-4450-001;7;0
21-4450-002;10;0
21-4451;0;0
21-4451-001;14;0
21-4451-002;29;0
21-4452;0;0
21-4452-001;25;0
21-4452-002;28;0
21-4453;0;0
21-4453-001;19;0
21-4453-002;9;0
21-4454;0;0
21-4454-001;16;0
21-4454-002;14;0
21-4455;0;0
21-4455-001;19;0
21-4455-002;17;0
21-4456;0;0
21-4456-001;12;0
21-4456-002;7;0
21-4457;0;0
21-4457-001;7;0
21-4457-002;6;0
21-4458;0;0
21-4458-001;8;0
21-4458-002;22;0
21-4459;0;0
21-4459-001;22;0
21-4459-002;39;0
21-4460;0;0
21-4460-001;18;0
21-4460-002;5;0
21-4461;0;0
21-4461-001;18;0
21-4461-002;8;0
21-4462;0;0
21-4462-001;6;0
21-4462-002;14;0
21-4464;0;0
21-4464-001;6;0
21-4464-002;1;0
21-4465;0;0
21-4465-001;1;0
21-4465-002;8;0
21-4466;0;0
21-4466-001;63;0
21-4466-002;49;0
21-4467;0;0
21-4467-001;14;0
21-4467-002;10;0
21-4468;0;0
21-4468-001;12;0
21-4468-002;11;0
21-4469;0;0
21-4469-001;15;0
21-4469-002;10;0
21-4470;0;0
21-4470-001;30;0
21-4470-002;16;0
21-4506;0;0
21-4506-001;26;0
21-4506-002;22;0
21-4508;0;0
21-4531;0;0
21-4531-001;20;0
21-4531-002;12;0
21-4532;0;0
21-4532-001;8;0
21-4532-002;7;0
21-4533;0;0
21-4533-001;100;0
21-4534;0;0
21-4534-001;12;0
21-4534-002;11;0
21-4535;0;0
21-4535-001;15;0
21-4535-002;46;0
21-4536;0;0
21-4536-001;14;0
21-4536-002;11;0
21-4537;0;0
21-4540;0;0
21-4540-001;3;0
21-4540-002;0;0
21-4541;0;0
21-4541-001;16;0
21-4541-002;8;0
21-4542;0;0
21-4542-001;16;0
21-4542-002;11;0
21-4543;0;0
21-4543-001;6;0
21-4543-002;12;0
21-4544;0;0
21-4544-001;2;0
21-4544-002;8;0
21-4545;0;0
21-4545-001;9;0
21-4545-002;20;0
21-4546;0;0
21-4546-001;21;0
21-4546-002;12;0
21-4547;0;0
21-4547-001;21;0
21-4547-002;9;0
21-4548;0;0
21-4548-001;41;0
21-4548-002;12;0
21-4549;0;0
21-4549-001;11;0
21-4549-002;16;0
21-4550;0;0
21-4550-001;5;0
21-4550-002;12;0
21-4551;0;0
21-4551-001;18;0
21-4551-002;9;0
21-4552;0;0
21-4552-001;0;0
21-4552-002;0;0
21-4553;0;0
21-4553-001;0;0
21-4553-002;0;0
21-4554;0;0
21-4554-001;18;0
21-4554-002;9;0
21-4555;0;0
21-4555-001;19;0
21-4555-002;9;0
21-4537-001;25;0
21-4537-002;18;0
21-4556;0;0
21-4556-001;19;0
21-4556-002;5;0
21-4557;0;0
21-4557-001;15;0
21-4557-002;19;0
21-4559;0;0
21-4559-001;4;0
21-4559-002;1;0
1743-004;33;0
1743-005;48;0
21-3379-005;0;0
21-4580;11;0
21-4582;0;0
21-4582-001;10;0
21-4582-002;28;0
21-4592;0;0
21-4592-001;20;0
21-4592-002;15;0
21-4593;0;0
21-4593-001;30;0
21-4593-002;6;0
21-4396-006;0;0
21-4396-005;20;0
21-4598;0;0
21-4598-001;2;0
21-4598-002;6;0
21-4598-003;2;0
21-4599;15;0
21-4601;27;0
21-4603;0;0
21-4603-001;2;0
21-4603-002;7;0
21-4603-003;4;0
21-4607;10;0
21-4622;0;0
21-4622-001;22;0
21-4622-002;19;0
21-4271-003;0;0
21-4593-003;38;0
21-3867-004;0;0
21-4376-004;22;0
21-5993-003;77;0
21-4643;0;0
21-4643-001;10;0
21-4643-002;11;0
21-4643-003;6;0
21-4644;0;0
21-4644-001;17;0
21-4644-002;14;0
21-4645;726;0
21-4646;0;0
2857-004;22;0
21-4244-003;9;0
21-3587-004;5;0
21-4649;0;0
21-4649-001;30;0
21-4649-002;30;0
21-4650;0;0
21-4650-001;8;0
21-4650-002;8;0
21-4653;0;0
21-4653-001;5;0
21-4653-002;34;0
21-4654;0;0
21-4654-001;20;0
21-4654-002;17;0
21-4655;0;0
21-4655-001;14;0
21-4655-002;14;0
21-4657;0;0
21-4657-001;0;0
21-4657-002;0;0
21-4658;0;0
21-4658-001;0;0
21-4659;0;0
21-4659-001;0;0
21-4659-002;6;0
21-4660;0;0
21-4660-001;16;0
21-4660-002;18;0
21-4660-003;66;0
21-4662;0;0
21-4662-001;20;0
21-4662-002;7;0
21-4663;0;0
21-4663-001;4;0
21-4663-002;30;0
21-4664;0;0
21-4664-001;7;0
21-4664-002;17;0
21-4665;298;0
21-4672;54;0
21-4673;22;0
21-4678;0;0
21-4678-001;7;0
21-4678-002;17;0
21-4679;0;0
21-4679-001;22;0
21-4679-002;3;0
21-4681;0;0
21-4681-001;0;0
21-4681-002;0;0
21-4682;0;0
21-4682-001;0;0
21-4682-002;0;0
21-4683;0;0
21-4683-001;12;0
21-4683-002;17;0
21-4817;291;0
21-4820;92;0
21-4821;952;0
21-4822;1007;0
21-4823;732;0
21-4824;0;0
21-4827;0;0
21-4828;0;0
21-4829;0;0
21-4830;0;0
21-4831;0;0
21-4832;0;0
21-4833;0;0
21-4834;0;0
21-4835;0;0
21-4827-001;7;0
21-4827-002;13;0
21-4824-001;20;0
21-4824-002;8;6
21-4828-001;13;0
21-4828-002;5;0
21-4829-001;24;0
21-4829-002;36;0
21-4830-001;10;0
21-4830-002;10;0
21-4831-001;50;0
21-4831-002;26;0
21-4832-001;25;0
21-4832-002;23;0
21-4833-001;10;0
21-4833-002;148;0
21-4834-001;7;0
21-4834-002;4;0
21-4835-001;32;0
21-4835-002;16;0
21-4660-004;0;0
21-4839;0;0
21-4839-001;5;0
21-4839-002;0;0
21-4840;0;0
21-4840-001;7;0
21-4840-002;5;0
21-4841;0;0
21-4841-001;2;0
21-4841-002;3;0
21-4842;0;0
21-4842-001;3;0
21-4842-002;8;0
21-4843;0;0
21-4843-001;3;0
21-4843-002;3;0
21-4844;0;0
21-4844-001;6;0
21-4844-002;5;0
21-4845;0;0
21-4845-001;5;0
21-4845-002;6;0
21-4851;0;0
21-4888;22;0
21-4889;28;0
21-4466-003;24,5;0
21-4289-003;40,5;0
21-4467-003;5;0
21-4468-003;5,5;0
21-4469-003;5;0
21-4470-003;8;0
21-4540-003;0;0
21-4541-003;4;0
21-4542-003;5,5;0
21-4543-003;6;0
21-4544-003;4;0
21-4545-003;10;0
21-4546-003;6;0
21-4547-003;4,5;0
21-4287-003;72;0
21-4363-003;5;0
21-4378-003;5;0
21-4379-003;7;0
21-4380-003;5;0
21-4448-003;4;0
21-4449-003;7;0
21-4450-003;5;0
21-4451-003;14;0
21-4452-003;14;0
21-4453-003;4;0
21-4455-003;8;0
21-4534-003;5;0
21-4535-003;23;0
21-4536-003;5;0
21-4247-003;13;0
21-4330-003;8;0
21-4331-003;0;0
21-4332-003;5;0
21-4333-003;13;0
21-4334-003;6,5;0
21-4335-003;7,5;0
21-4336-003;6,5;0
21-4337-003;5;0
21-4338-003;14;0
21-4339-003;9,5;0
21-4340-003;7;0
21-4248-003;7,5;0
21-4249-003;0;0
21-4371-003;13;0
21-4372-003;38,5;0
21-4373-003;9,5;0
21-4374-003;11;0
21-4381-003;10;0
21-4382-003;4;0
21-4383-003;5,5;0
21-4384-003;1;0
21-4456-003;3,5;0
21-4457-003;3;0
21-4458-003;11;0
21-4459-003;19,5;0
21-4290-003;58,5;0
21-4341-003;15,5;0
21-4342-003;23,5;0
21-4343-003;17;0
21-4344-003;20;0
21-4345-003;9,5;0
21-4368-003;1;0
21-4370-003;3;0
21-4375-003;10,5;0
21-4385-003;9,5;0
21-4460-003;2;0
21-4461-003;4;0
21-4622-003;9;0
1888-004;20;0
21-4063-004;5;0
21-4097-003;7;0
21-4315-003;7;0
21-4316-003;5;0
21-4364-003;4;0
21-4454-003;7;0
21-4462-003;7;0
21-4531-003;6;0
21-4537-003;9;0
21-4548-003;6;0
21-4556-003;2;0
21-4557-003;9;0
21-4653-003;17;0
21-4245-003;5;0
21-4464-003;0;0
21-4465-003;4;0
21-4549-003;8;0
21-4550-003;6;0
21-4551-003;4;0
21-4654-003;8;0
21-4655-003;7;0
21-4681-003;0;0
21-4683-003;8;0
21-4824-003;4;3
21-4827-003;6;0
21-4828-003;2;0
21-4829-003;18;0
21-4830-003;5;0
21-4831-003;13;0
21-4832-003;11;0
21-4833-003;74;0
21-4834-003;2;0
21-4835-003;8;0
21-4898;1;0
21-4901;58;0
21-4902;21;0
21-4552-003;0;0
21-4553-003;0;0
21-4554-003;4;0
21-4555-003;4;0
21-4649-003;6;0
21-4678-003;8;0
21-4679-003;1;0
21-4908;237;0
21-4909;118;0
21-4919;0;0
21-4925;0;0
21-4925-001;2;0
21-4925-002;2;0
21-4926;0;0
21-4926-001;0;0
21-4926-002;0;0
21-4927;0;0
21-4927-001;2;0
21-4927-002;2;0
21-4928;0;0
21-4928-001;18;0
21-4928-002;12;0
21-4946;25;0
21-4947;45;0
21-4953;0;0
21-4953-001;2;0
21-4954;0;0
21-4954-001;3;0
21-4954-002;1;0
21-4955;0;0
21-4955-001;3;0
21-4955-002;2;0
21-4956;0;0
21-4956-001;3;0
21-4956-002;2;0
21-4957;0;0
21-4957-001;3;0
21-4957-002;1;0
21-4958;0;0
21-4958-001;1;0
21-4959;0;0
21-4959-001;1;0
21-4960;0;0
21-4962;0;0
21-4963;0;0
21-4964;6;0
21-4532-003;9;0
21-4971;6;0
21-4972;13;0
21-4973;3;0
21-4974;13;0
21-4975;4;0
21-4962-002;16;0
21-4960-001;3;0
21-4960-002;2;0
21-4982;15;0
21-4983;23;0
21-4984;11;0
21-4985;2;0
21-4986;24;0
21-4987;12;0
21-4989;5;0
21-4990;8;0
21-4991;6;0
21-4992;3;0
21-5013;31;0
21-5014;22;0
21-5016;0;0
21-5016-001;16;0
21-5016-002;14;0
21-5017;0;0
21-5017-001;36;0
21-5017-002;18;0
21-5019;16;0
21-5020;18;0
21-5028;0;0
21-5028-001;22;0
21-5028-002;11;0
21-5028-003;5;0
21-3650-002;0;0
21-5016-003;7;0
21-5017-003;9;0
21-5043;0;0
21-5043-001;1;0
21-5043-002;3;0
21-5044;0;0
21-5044-001;1;0
21-5044-002;0;0
21-5050;0;0
21-5050-001;1;0
21-5050-002;5;0
21-5052;0;0
21-5052-001;7;0
21-5067;0;0
21-5067-001;1;0
21-5067-002;1;0
21-5069;0;0
21-5069-001;77;0
21-5076;0;0
21-5076-001;1;0
21-5076-002;4;0
21-5078;0;0
21-5078-001;0;0
21-5078-002;0;0
21-5087;43;0
21-5088;21;0
21-5090;0;0
21-5090-001;22;0
21-5090-002;10;0
21-5091;0;0
21-5091-001;11;0
21-5091-002;2;0
21-5092;0;0
21-5092-001;32;0
21-5092-002;12;0
21-5093;0;0
21-5093-001;0;0
21-5093-002;9;0
21-5094;0;0
21-5094-001;2;0
21-5094-002;2;0
21-5095;0;0
21-5095-001;2;0
21-5095-002;2;0
21-5096;0;0
21-5096-001;2;0
21-5096-002;1;0
21-5108;0;0
21-5108-001;5;0
21-5109;0;0
21-5109-001;2;0
21-5110;0;0
21-5110-001;1;0
21-5110-002;2;0
21-5110-003;1;0
21-5112;0;0
21-5112-001;2;0
21-5113;0;0
21-5113-001;2;0
21-5090-003;5;0
21-5091-003;1;0
21-5092-003;6;0
21-5093-003;4;0
21-5115;0;0
21-5115-001;1;0
21-5115-002;2;0
21-5116;0;0
21-5116-001;1;0
21-5116-002;2;0
21-5163;0;0
21-5163-001;2;0
21-5164;0;0
21-5164-001;1;0
21-5164-002;2;0
21-5165;0;0
21-5165-001;4;0
21-5166;0;0
21-5166-001;2;0
21-5166-002;1;0
21-5168;0;0
21-5168-001;2;0
21-5168-002;3;0
21-5168-003;0;0
21-5170;0;0
21-5170-001;1;0
21-5171;2;0
21-5175;10;0
21-5189;8;0
21-5190;8;0
21-5191;10;0
21-5199;38;0
21-5200;0;0
21-5200-001;4;0
21-5200-002;4;0
21-5201;0;0
21-5201-001;1;0
21-5201-002;2;0
21-5206;0;0
21-5206-001;2;0
21-5206-002;2;0
21-5207;0;0
21-5207-001;5;0
21-5207-002;2;0
21-5207-003;3;0
21-4100-003;48;0
21-5232;0;0
21-5232-001;1;0
21-5233;0;0
21-5233-001;2;0
21-5234;0;0
21-5234-001;2;0
21-5235;0;0
21-5235-001;5;0
21-5236;0;0
21-5236-001;2;0
21-5237;0;0
21-5237-001;2;0
21-5240;0;0
21-5240-001;0;0
21-5240-002;0;0
21-5253;0;0
21-5253-001;2;0
21-5254;0;0
21-5254-001;2;0
21-5255;0;0
21-5255-001;6;0
21-5256;0;0
21-5256-001;3;0
21-5257;0;0
21-5257-001;6;0
21-5258;0;0
21-5258-001;2;0
21-5258-002;3;0
21-5259;0;0
21-5259-001;2;0
21-5260;774;0
21-5266;0;0
21-5266-001;336;0
21-5296;0;0
21-5296-001;2;0
21-5297;0;0
21-5297-001;1;0
21-5298;0;0
21-5299;0;0
21-5298-001;2;0
21-5299-001;2;0
21-5326;0;0
21-5326-001;7;0
21-5207-004;2;0
21-5207-005;4;0
21-5207-006;1;0
21-5352;0;0
21-5352-001;34;0
21-5357;0;0
21-5357-001;172;0
21-5357-002;18;0
21-5357-003;59;0
21-5368;0;0
21-5368-001;0;0
21-5376;0;0
21-5376-001;0;0
21-5378;0;0
21-5378-001;0;0
21-5391;0;0
21-5391-001;0;0
21-5398;0;0
21-5398-001;2;0
21-5398-002;10;0
21-5438;0;0
21-5438-001;23;0
21-5438-002;11;0
21-5439;0;0
21-5439-001;27;0
21-5439-002;13;0
21-5440;0;0
21-5440-001;88;0
21-5440-002;44;0
21-5447;45;0
21-5448;48;0
21-5449;0;0
21-5449-001;36;0
21-5449-002;18;0
21-5452;0;0
21-5452-001;0;0
21-5452-002;0;0
21-5452-003;0;0
21-5462;0;0
21-5462-001;6;0
21-5464;0;0
21-5464-001;13;0
21-5464-002;15;0
21-5478;0;0
21-5478-001;5;0
21-5479;0;0
21-5479-001;2;0
21-5515;546;0
21-5545;0;0
21-5545-001;14;0
21-5546;0;0
21-5546-001;7;0
21-5547;0;0
21-5547-001;5;0
21-5548;0;0
21-5548-001;3;0
21-5549;0;0
21-5549-001;3;0
21-5558;0;0
21-5558-001;291;0
21-5558-002;237;0
21-5585;0;0
21-5585-001;2;0
21-5585-002;3;0
21-5594;0;0
21-5594-001;79;0
21-5594-002;39;0
21-5594-003;19;0
21-5598;0;0
21-5598-001;24;0
21-5598-002;55;0
21-3588-001;0;0
21-5599;0;0
21-5599-001;19;0
21-5609;0;0
21-5609-001;37;0
21-5609-002;12;0
21-5599-002;10;0
21-5599-003;8;0
21-3588-002;0;0
21-3588-003;79;0
21-5672;0;0
21-5673;567;0
21-5672-001;0;0
21-5672-002;0;0
21-5672-003;51;0
21-5672-004;31;0
21-5672-005;36;0
21-5672-006;0;0
21-5688;0;0
21-5688-001;2;0
21-5689;0;0
21-5689-001;19;0
21-5690;0;0
21-5690-001;6;0
21-5691;0;0
21-5691-001;11;0
21-5692;0;0
21-5692-001;3;0
21-5708;0;0
21-5708-001;3;0
21-5708-002;6;0
21-5709;0;0
21-5709-001;21;0
21-5709-002;23;0
21-5710;0;0
21-5710-001;11;0
21-5710-002;27;0
21-5710-003;18;0
21-5712;0;0
21-5712-001;29;0
21-5712-002;25;0
21-5713;0;0
21-5713-001;0;0
21-5713-002;0;0
21-5713-003;0;0
21-5718;0;0
21-5718-001;26;0
21-5718-002;13;0
21-5719;0;0
21-5719-001;6;0
21-5719-002;3;0
21-5720;0;0
21-5720-001;0;0
21-5720-002;5;0
21-5721;0;0
21-5721-001;52;0
21-5721-002;45;0
21-5722;0;0
21-5722-001;17;0
21-5722-002;0;0
21-5723;0;0
21-5723-001;28;0
21-5723-002;12;0
21-5724;0;0
21-5724-001;11;0
21-5724-002;40;0
21-5727;0;0
21-5727-001;0;0
21-5727-002;0;0
21-5733;0;0
21-5733-001;12;0
21-5733-002;7;0
21-5734;0;0
21-5734-001;9;0
21-5734-002;7;0
21-5735;0;0
21-5735-001;5;0
21-5735-002;7;0
21-5749;12;0
21-5750;16;0
21-5751;0;0
21-5752;6;0
21-5753;9;0
21-5754;15;0
21-5759;7;0
21-5760;6;0
21-5761;2;0
21-5762;6;0
21-5763;6;0
21-5765;0;0
21-5796;5;0
21-5797;3;0
21-5798;7;0
21-5799;3;0
21-5800;5;0
21-5801;25;0
21-5802;21;0
21-5804;9;0
21-5805;0;0
21-5805-001;14;0
21-5806;0;0
21-5806-001;12;0
21-5809;12;0
21-5810;24;0
21-5811;24;0
21-5815;0;0
21-5816;0;0
21-5817;0;0
21-5817-001;10;0
21-5817-002;13;0
21-5819;7;0
21-5820;0;0
21-5820-001;9;0
21-5820-002;8;0
21-5821;10;0
21-5823;0;0
21-5823-001;41;0
21-5824;0;0
21-5824-001;39;0
21-5827;0;0
21-5827-001;1;0
21-5828;0;0
21-5828-001;2;0
21-5834;0;0
21-5834-001;4;0
21-5834-002;4;0
21-5835;0;0
21-5835-001;3;0
21-5835-002;2;0
21-5836;0;0
21-5836-001;2;0
21-5836-002;3;0
21-5837;0;0
21-5837-001;2;0
21-5837-002;3;0
21-5838;0;0
21-5838-001;2;0
21-5838-002;3;0
21-5839;0;0
21-5839-001;4;0
21-5840;0;0
21-5840-001;1;0
21-5841;0;0
21-5841-001;1;0
21-5842;0;0
21-5842-001;1;0
21-5854;0;0
21-5854-001;2;0
21-5854-002;2;0
21-5856;0;0
21-5856-001;18;0
21-5856-002;8;0
21-5856-003;4;0
21-5857;0;0
21-5857-001;50;0
21-5836-003;1;0
21-5868;0;0
21-5868-001;3;0
21-5868-002;3;0
21-5868-003;3;0
21-5868-004;3;0
21-5868-005;6;0
21-5868-006;5;0
21-5868-007;5;0
21-5868-008;6;0
21-5868-009;5;0
21-5868-010;5;0
21-5868-011;5;0
21-5868-012;5;0
21-5868-013;6;0
21-5868-014;5;0
21-5868-015;5;0
21-5868-016;6;0
21-5672-007;0;0
21-5895;36;0
21-5896;10;0
21-5897;10;0
21-5898;8;0
21-5901;0;0
21-5901-001;3;0
21-5901-002;1;0
21-5909;0;0
21-5909-001;4;0
21-5910;0;0
21-5910-001;3;0
21-5910-002;10;0
21-5911;0;0
21-5911-001;15;0
21-5912;0;0
21-5912-001;19;0
21-5912-002;22;0
21-5913;0;0
21-5913-001;5;0
21-5913-002;6;0
21-5914;0;0
21-5914-001;0;0
21-5914-002;1;0
21-5914-003;15;0
21-5914-004;5;0
21-5914-005;14;0
21-5914-006;4;0
21-5915;0;0
21-5915-001;38;0
21-5915-002;4;0
21-5915-003;12;0
21-5915-004;20;0
21-5917;0;0
21-5918;25;0
21-5923;0;0
21-5923-001;2;0
21-5923-002;1;0
21-5938;0;0
2237-005;3;0
21-5938-001;5;0
21-5938-002;1;0
21-5938-003;4;0
21-5938-004;2;0
21-5938-005;3;0
21-5939;0;0
21-5939-001;3;0
21-5939-002;3;0
21-5939-003;2;0
21-5939-004;3;0
21-5939-005;4;0
21-5940;0;0
21-5940-001;2;0
21-5940-002;4;0
21-5940-003;2;0
21-5940-004;3;0
21-5940-005;2;0
21-5942;0;0
21-5942-001;2;0
21-5942-002;2;0
21-5942-003;2;0
21-5942-004;2;0
21-5942-005;2;0
21-5942-006;1;0
21-5943;0;0
21-5943-001;3;0
21-5943-002;3;0
21-5943-003;6;0
21-5943-004;4;0
21-5943-005;3;0
21-5946;0;0
21-5946-001;2;0
21-5946-002;2;0
21-5946-003;3;0
21-5946-004;3;0
21-5946-005;4;0
21-5946-006;2;0
21-5947;0;0
21-5947-001;2;0
21-5947-002;3;0
21-5947-003;2;0
21-5950;342;0
21-5951;0;0
21-5952;0;0
21-5952-001;57;0
21-5952-002;28;0
21-5266-003;0;0
21-5957;0;0
21-5957-001;49;0
21-5958;0;0
21-5958-001;6;0
21-5958-002;4;0
21-5960;0;0
21-5960-001;14;0
21-5960-002;0;0
1807-005;18;0
21-5979;0;0
21-5979-001;3;0
21-5984-001;9;0
21-5984-002;17;0
21-5984-003;4;0
21-5984;0;0
21-5991;0;0
21-5991-001;4;0
21-5991-002;6;0
21-5993;0;0
21-5995;0;0
21-5995-001;3;0
21-6016;0;0
21-6016-001;12;0
21-6017;0;0
21-6017-001;26;0
21-6017-002;7;0
21-6018;0;0
21-6018-001;15;0
21-6018-002;3;0
21-6019;0;0
21-6019-001;18;0
21-6019-002;5;0
21-6020;0;0
21-6020-001;32;0
21-6020-002;10;0
21-6021;0;0
21-6021-001;29;0
21-6021-002;11;0
21-6022;0;0
21-6022-001;27;0
21-6022-002;10;0
21-6023;0;0
21-6023-001;11;0
21-6023-002;3;0
21-6024;0;0
21-6024-001;38;0
21-6024-002;25;0
21-6025;0;0
21-6025-001;12;0
21-6025-002;4;0
21-6026;0;0
21-6026-001;22;0
21-6026-002;15;0
21-6027;0;0
21-6027-001;15;0
21-6027-002;7;0
21-6028;0;0
21-6028-001;21;0
21-6028-002;8;0
21-6030;0;0
21-6030-001;281;0
21-6030-002;140;0
21-6030-003;70;0
21-6031;0;0
21-6032;0;0
21-6033;0;0
21-6034;395;0
21-6035;0;0
21-6035-001;19;0
21-6035-002;8;0
21-6033-001;16;0
21-6033-002;9;0
21-6031-001;0;0
21-6031-002;3;0
21-6032-001;14;0
21-6032-002;5;0
21-6040;0;0
21-6040-001;6;0
21-6040-002;9;0
21-6040-003;4;0
21-5722-003;0;0
21-5723-003;6;0
21-6017-003;3;0
21-6018-003;1;0
21-6019-003;2;0
21-6020-003;5;0
21-6021-003;5;0
21-6022-003;5;0
21-6023-003;1;0
21-6024-003;12;0
21-6025-003;2;0
21-6026-003;7;0
21-6027-003;3;0
21-6028-003;4;0
21-4962-004;14;0
21-6058;0;0
21-6058-001;1;0
21-6059;0;0
21-6059-001;1;0
21-6060;0;0
21-6060-001;2;0
21-6078;0;0
21-6078-001;0;0
21-6078-002;8;0
21-6078-003;0;0
21-6080;0;0
21-6080-001;0;0
21-6081;0;0
21-6081-001;21;0
21-6082;0;0
21-6082-001;0;0
21-6083;0;0
21-6083-001;4;0
21-6083-002;1;0
21-6083-003;4;0
21-6083-004;1;0
21-6084;0;0
21-6084-001;18;0
21-6078-004;0;0
21-6085;0;0
21-6085-001;10;0
21-6088;0;0
21-6092;0;0
21-6092-001;19;0
21-6098;0;0
21-6098-001;12;0
21-6098-002;7;0
21-6098-003;4;0
21-6098-004;18;0
21-6098-005;7;0
21-6098-006;6;0
21-6104;0;0
21-6104-001;4;0
21-6104-002;5;0
21-6104-003;5;0
21-6105;0;0
21-6105-001;6;0
21-6105-002;9;0
21-6105-003;7;0
21-6016-002;24;0
21-6123;0;0
21-6123-001;1;0
21-6124;0;0
21-6124-001;4;0
21-6124-002;4;0
21-6132;0;0
21-6132-001;7;0
21-6132-002;8;0
21-6134;0;0
21-6134-001;24;0
21-6134-002;27;0
21-6135;0;0
21-6135-001;20;0
21-6135-002;19;0
21-6136;0;0
21-6139;6;0
21-6140;0;0
21-6140-001;26;0
21-6140-002;29;0
21-6141;0;0
21-6141-001;22;0
21-6141-002;7;0
21-6142;0;0
21-6142-001;15;0
21-6142-002;9;0
21-6143;0;0
21-6143-001;21;0
21-6143-002;18;0
21-6144;0;0
21-6144-001;3;0
21-6144-002;12;0
21-6145;0;0
21-6145-001;19;0
21-6145-002;11;0
21-6146;0;0
21-6146-001;9;0
21-6146-002;14;0
21-6147;0;0
21-6147-001;11;0
21-6147-002;12;0
21-6142-003;4;0
21-6143-003;9;0
21-6144-003;6;0
21-6145-003;5;0
21-6146-003;7;0
21-6147-003;6;0
21-6140-003;14;0
21-6141-003;3;0
21-6158;0;0
21-6158-001;16;0
21-6158-002;9;0
21-6158-003;4;0
21-6163;1;0
21-6169;0;0
21-6169-001;1;0
21-6170;0;0
21-6170-001;2;0
21-6170-002;2;0
21-6171;0;0
21-6171-001;2;0
21-6172;0;0
21-6172-001;2;0
21-6173;0;0
21-6173-001;0;0
21-6173-002;19;0
21-6174;0;0
21-6174-001;0;0
21-6174-002;3;0
21-6175;0;0
21-6175-001;0;0
21-6175-002;19;0
21-6189;0;0
21-6189-001;0;0
21-6189-002;0;0
21-6199;0;0
21-6199-001;5;0
21-6199-002;6;0
21-6199-003;3;0
21-6200;0;0
21-6201;0;0
21-6201-001;0;0
21-6201-002;9;0
21-6201-003;4;0
21-6202;0;0
21-6203;0;0
21-6203-001;17;0
21-6203-002;6;0
21-6203-003;3;0
21-6204;0;0
21-6217;0;0
21-6217-001;27;0
21-6217-002;1;0
21-6217-003;0;0
21-6218;0;0
21-6218-001;343;0
21-6219;0;0
21-6219-001;2;0
21-6219-002;5;0
21-6220;0;0
21-6220-001;2;0
21-6221;0;0
21-6221-001;3;0
21-6224;0;0
21-6224-001;276;0
21-6224-002;138;0
21-6224-003;69;0
21-6078-005;10;0
21-6078-006;17;0
21-6225;7;0
21-6135-003;22;0
21-6239;0;0
21-6239-001;2;0
21-6240;0;0
21-6240-001;5;0
21-6255;0;0
21-6255-001;2;0
21-6255-002;2;0
